{"cameraMode":{"drawMode":0,"name":"Shaded","section":"Shading Mode"},"sceneLighting":false,"audioPlay":false,"sceneViewState":{"m_AlwaysRefresh":false,"showFog":true,"showSkybox":false,"showFlares":true,"showImageEffects":true,"showParticleSystems":true,"showVisualEffectGraphs":true,"m_FxEnabled":true},"in2DMode":false,"pivot":{"x":10.109221458435059,"y":9.89995288848877,"z":18.137672424316408},"rotation":{"x":-0.17638112604618073,"y":0.003540551755577326,"z":-0.0006350161856971681,"w":-0.984318196773529},"size":0.8485876321792603,"orthographic":false}